U00000023, [number_
U000020e3,hash] 
U00000030, [number_
U000020e3,zero] 
U00000031, [number_
U000020e3,one] 
U00000032, [number_
U000020e3,two] 
U00000033, [number_
U000020e3,three] 
U00000034, [number_
U000020e3,four] 
U00000035, [number_
U000020e3,five] 
U00000036, [number_
U000020e3,six] 
U00000037, [number_
U000020e3,seven] 
U00000038, [number_
U000020e3,eight] 
U00000039, [number_
U000020e3,nine] 
U000000a9, [copyright] 
U000000ae, [registered] 
U0000203c, [bangbang] 
U00002049, [interrobang] 
U00002122, [tm] 
U00002139, [information_source] 
U00002194, [left_right_arrow] 
U00002195, [arrow_up_down] 
U00002196, [arrow_upper_left] 
U00002197, [arrow_upper_right] 
U00002198, [arrow_lower_right] 
U00002199, [arrow_lower_left] 
U000021a9, [leftwards_arrow_with_hook] 
U000021aa, [arrow_right_hook] 
U0000231a, [watch] 
U0000231b, [hourglass] 
U000023e9, [fast_forward] 
U000023ea, [rewind] 
U000023eb, [arrow_double_up] 
U000023ec, [arrow_double_down] 
U000023f0, [alarm_clock] 
U000023f3, [hourglass_flowing_sand] 
U000024c2, [m] 
U000025aa, [black_small_square] 
U000025ab, [white_small_square] 
U000025b6, [arrow_forward] 
U000025c0, [arrow_backward] 
U000025fb, [white_medium_square] 
U000025fc, [black_medium_square] 
U000025fd, [white_medium_small_square] 
U000025fe, [black_medium_small_square] 
U00002600, [sunny] 
U00002601, [cloud] 
U0000260e, [phone] 
U00002611, [ballot_box_with_check] 
U00002614, [umbrella] 
U00002615, [coffee] 
U0000261d, [point_up] 
U0000263a, [relaxed] 
U00002648, [aries] 
U00002649, [taurus] 
U0000264a, [gemini] 
U0000264b, [cancer] 
U0000264c, [leo] 
U0000264d, [virgo] 
U0000264e, [libra] 
U0000264f, [scorpius] 
U00002650, [sagittarius] 
U00002651, [capricorn] 
U00002652, [aquarius] 
U00002653, [pisces] 
U00002660, [spades] 
U00002663, [clubs] 
U00002665, [heart]+[heart] 
U00002666, [diamonds] 
U00002668, [hotsprings] 
U0000267b, [recycle] 
U0000267f, [wheelchair] 
U00002693, [anchor] 
U000026a0, [warning] 
U000026a1, [zap] 
U000026aa, [white_circle] 
U000026ab, [black_circle] 
U000026bd, [soccer] 
U000026be, [baseball] 
U000026c4, [snowman] 
U000026c5, [partly_sunny] 
U000026ce, [ophiuchus] 
U000026d4, [no_entry] 
U000026ea, [church] 
U000026f2, [fountain] 
U000026f3, [golf] 
U000026f5, [sailboat] 
U000026fa, [tent] 
U000026fd, [fuelpump] 
U00002702, [scissors] 
U00002705, [white_check_mark] 
U00002708, [airplane] 
U00002709, [email] 
U0000270a, [fist] 
U0000270b, [hand] 
U0000270c, [v] 
U0000270f, [pencil2] 
U00002712, [black_nib] 
U00002714, [heavy_check_mark] 
U00002716, [heavy_multiplication_x] 
U00002728, [sparkles] 
U00002733, [eight_spoked_asterisk] 
U00002734, [eight_pointed_black_star] 
U00002744, [snowflake] 
U00002747, [sparkle] 
U0000274c, [x] 
U0000274e, [negative_squared_cross_mark] 
U00002753, [question] 
U00002754, [grey_question] 
U00002755, [grey_exclamation] 
U00002757, [heavy_exclamation_mark] 
U00002764, [heart] 
U00002795, [heavy_plus_sign] 
U00002796, [heavy_minus_sign] 
U00002797, [heavy_division_sign] 
U000027a1, [arrow_right] 
U000027b0, [curly_loop] 
U000027bf, [loop] 
U00002934, [arrow_heading_up] 
U00002935, [arrow_heading_down] 
U00002b05, [arrow_left] 
U00002b06, [arrow_up] 
U00002b07, [arrow_down] 
U00002b1b, [black_large_square] 
U00002b1c, [white_large_square] 
U00002b50, [star] 
U00002b55, [o] 
U00003030, [wavy_dash] 
U0000303d, [part_alternation_mark] 
U00003297, [congratulations] 
U00003299, [secret] 
U0001f004, [mahjong] 
U0001f0cf, [black_joker] 
U0001f170, [a] 
U0001f171, [b] 
U0001f17e, [o2] 
U0001f17f, [parking] 
U0001f18e, [ab] 
U0001f191, [cl] 
U0001f192, [cool] 
U0001f193, [free] 
U0001f194, [id] 
U0001f195, [new] 
U0001f196, [ng] 
U0001f197, [ok] 
U0001f198, [sos] 
U0001f199, [up] 
U0001f19a, [vs] 
U0001f1e8, [flag_
U0001f1f3,cn] 
U0001f1e9, [flag_
U0001f1ea,de] 
U0001f1ea, [flag_
U0001f1f8,es] 
U0001f1eb, [flag_
U0001f1f7,fr] 
U0001f1ec, [flag_
U0001f1e7,gb] 
U0001f1ee, [flag_
U0001f1f9,it] 
U0001f1ef, [flag_
U0001f1f5,jp] 
U0001f1f0, [flag_
U0001f1f7,kr] 
U0001f1f7, [flag_
U0001f1fa,ru] 
U0001f1fa, [flag_
U0001f1f8,us] 
U0001f201, [koko] 
U0001f202, [sa] 
U0001f21a, [u7121] 
U0001f22f, [u6307] 
U0001f232, [u7981] 
U0001f233, [u7a7a] 
U0001f234, [u5408] 
U0001f235, [u6e80] 
U0001f236, [u6709] 
U0001f237, [u6708] 
U0001f238, [u7533] 
U0001f239, [u5272] 
U0001f23a, [u55b6] 
U0001f250, [ideograph_advantage] 
U0001f251, [accept] 
U0001f300, [cyclone] 
U0001f301, [foggy] 
U0001f302, [closed_umbrella] 
U0001f303, [night_with_stars] 
U0001f304, [sunrise_over_mountains] 
U0001f305, [sunrise] 
U0001f306, [city_sunset] 
U0001f307, [city_sunrise] 
U0001f308, [rainbow] 
U0001f309, [bridge_at_night] 
U0001f30a, [ocean] 
U0001f30b, [volcano] 
U0001f30c, [milky_way] 
U0001f30d, [earth_africa] 
U0001f30e, [earth_americas] 
U0001f30f, [earth_asia] 
U0001f310, [globe_with_meridians] 
U0001f311, [new_moon] 
U0001f312, [waxing_crescent_moon] 
U0001f313, [first_quarter_moon] 
U0001f314, [waxing_gibbous_moon] 
U0001f315, [full_moon] 
U0001f316, [waning_gibbous_moon] 
U0001f317, [last_quarter_moon] 
U0001f318, [waning_crescent_moon] 
U0001f319, [crescent_moon] 
U0001f31a, [new_moon_with_face] 
U0001f31b, [first_quarter_moon_with_face] 
U0001f31c, [last_quarter_moon_with_face] 
U0001f31d, [full_moon_with_face] 
U0001f31e, [sun_with_face] 
U0001f31f, [star2] 
U0001f320, [stars] 
U0001f330, [chestnut] 
U0001f331, [seedling] 
U0001f332, [evergreen_tree] 
U0001f333, [deciduous_tree] 
U0001f334, [palm_tree] 
U0001f335, [cactus] 
U0001f337, [tulip] 
U0001f338, [cherry_blossom] 
U0001f339, [rose] 
U0001f33a, [hibiscus] 
U0001f33b, [sunflower] 
U0001f33c, [blossom] 
U0001f33d, [corn] 
U0001f33e, [ear_of_rice] 
U0001f33f, [herb] 
U0001f340, [four_leaf_clover] 
U0001f341, [maple_leaf] 
U0001f342, [fallen_leaf] 
U0001f343, [leaves] 
U0001f344, [mushroom] 
U0001f345, [tomato] 
U0001f346, [eggplant] 
U0001f347, [grapes] 
U0001f348, [melon] 
U0001f349, [watermelon] 
U0001f34a, [tangerine] 
U0001f34b, [lemon] 
U0001f34c, [banana] 
U0001f34d, [pineapple] 
U0001f34e, [apple] 
U0001f34f, [green_apple] 
U0001f350, [pear] 
U0001f351, [peach] 
U0001f352, [cherries] 
U0001f353, [strawberry] 
U0001f354, [hamburger] 
U0001f355, [pizza] 
U0001f356, [meat_on_bone] 
U0001f357, [poultry_leg] 
U0001f358, [rice_cracker] 
U0001f359, [rice_ball] 
U0001f35a, [rice] 
U0001f35b, [curry] 
U0001f35c, [ramen] 
U0001f35d, [spaghetti] 
U0001f35e, [bread] 
U0001f35f, [fries] 
U0001f360, [sweet_potato] 
U0001f361, [dango] 
U0001f362, [oden] 
U0001f363, [sushi] 
U0001f364, [fried_shrimp] 
U0001f365, [fish_cake] 
U0001f366, [icecream] 
U0001f367, [shaved_ice] 
U0001f368, [ice_cream] 
U0001f369, [doughnut] 
U0001f36a, [cookie] 
U0001f36b, [chocolate_bar] 
U0001f36c, [candy] 
U0001f36d, [lollipop] 
U0001f36e, [custard] 
U0001f36f, [honey_pot] 
U0001f370, [cake] 
U0001f371, [bento] 
U0001f372, [stew] 
U0001f373, [egg] 
U0001f374, [fork_and_knife] 
U0001f375, [tea] 
U0001f376, [sake] 
U0001f377, [wine_glass] 
U0001f378, [cocktail] 
U0001f379, [tropical_drink] 
U0001f37a, [beer] 
U0001f37b, [beers] 
U0001f37c, [baby_bottle] 
U0001f380, [ribbon] 
U0001f381, [gift] 
U0001f382, [birthday] 
U0001f383, [jack_o_lantern] 
U0001f384, [christmas_tree] 
U0001f385, [santa] 
U0001f386, [fireworks] 
U0001f387, [sparkler] 
U0001f388, [balloon] 
U0001f389, [tada] 
U0001f38a, [confetti_ball] 
U0001f38b, [tanabata_tree] 
U0001f38c, [crossed_flags] 
U0001f38d, [bamboo] 
U0001f38e, [dolls] 
U0001f38f, [flags] 
U0001f390, [wind_chime] 
U0001f391, [rice_scene] 
U0001f392, [school_satchel] 
U0001f393, [mortar_board] 
U0001f3a0, [carousel_horse] 
U0001f3a1, [ferris_wheel] 
U0001f3a2, [roller_coaster] 
U0001f3a3, [fishing_pole_and_fish] 
U0001f3a4, [microphone] 
U0001f3a5, [movie_camera] 
U0001f3a6, [cinema] 
U0001f3a7, [headphones] 
U0001f3a8, [art] 
U0001f3a9, [tophat] 
U0001f3aa, [circus_tent] 
U0001f3ab, [ticket] 
U0001f3ac, [clapper] 
U0001f3ad, [performing_arts] 
U0001f3ae, [video_game] 
U0001f3af, [dart] 
U0001f3b0, [slot_machine] 
U0001f3b1, [8ball] 
U0001f3b2, [game_die] 
U0001f3b3, [bowling] 
U0001f3b4, [flower_playing_cards] 
U0001f3b5, [musical_note] 
U0001f3b6, [notes] 
U0001f3b7, [saxophone] 
U0001f3b8, [guitar] 
U0001f3b9, [musical_keyboard] 
U0001f3ba, [trumpet] 
U0001f3bb, [violin] 
U0001f3bc, [musical_score] 
U0001f3bd, [running_shirt_with_sash] 
U0001f3be, [tennis] 
U0001f3bf, [ski] 
U0001f3c0, [basketball] 
U0001f3c1, [checkered_flag] 
U0001f3c2, [snowboarder] 
U0001f3c3, [running] 
U0001f3c4, [surfer] 
U0001f3c6, [trophy] 
U0001f3c7, [horse_racing] 
U0001f3c8, [football] 
U0001f3c9, [rugby_football] 
U0001f3ca, [swimmer] 
U0001f3e0, [house] 
U0001f3e1, [house_with_garden] 
U0001f3e2, [office] 
U0001f3e3, [post_office] 
U0001f3e4, [european_post_office] 
U0001f3e5, [hospital] 
U0001f3e6, [bank] 
U0001f3e7, [atm] 
U0001f3e8, [hotel] 
U0001f3e9, [love_hotel] 
U0001f3ea, [convenience_store] 
U0001f3eb, [school] 
U0001f3ec, [department_store] 
U0001f3ed, [factory] 
U0001f3ee, [izakaya_lantern] 
U0001f3ef, [japanese_castle] 
U0001f3f0, [european_castle] 
U0001f400, [rat] 
U0001f401, [mouse2] 
U0001f402, [ox] 
U0001f403, [water_buffalo] 
U0001f404, [cow2] 
U0001f405, [tiger2] 
U0001f406, [leopard] 
U0001f407, [rabbit2] 
U0001f408, [cat2] 
U0001f409, [dragon] 
U0001f40a, [crocodile] 
U0001f40b, [whale2] 
U0001f40c, [snail] 
U0001f40d, [snake] 
U0001f40e, [racehorse] 
U0001f40f, [ram] 
U0001f410, [goat] 
U0001f411, [sheep] 
U0001f412, [monkey] 
U0001f413, [rooster] 
U0001f414, [chicken] 
U0001f415, [dog2] 
U0001f416, [pig2] 
U0001f417, [boar] 
U0001f418, [elephant] 
U0001f419, [octopus] 
U0001f41a, [shell] 
U0001f41b, [bug] 
U0001f41c, [ant] 
U0001f41d, [bee] 
U0001f41e, [beetle] 
U0001f41f, [fish] 
U0001f420, [tropical_fish] 
U0001f421, [blowfish] 
U0001f422, [turtle] 
U0001f423, [hatching_chick] 
U0001f424, [baby_chick] 
U0001f425, [hatched_chick] 
U0001f426, [bird] 
U0001f427, [penguin] 
U0001f428, [koala] 
U0001f429, [poodle] 
U0001f42a, [dromedary_camel] 
U0001f42b, [camel] 
U0001f42c, [flipper] 
U0001f42d, [mouse] 
U0001f42e, [cow] 
U0001f42f, [tiger] 
U0001f430, [rabbit] 
U0001f431, [cat] 
U0001f432, [dragon_face] 
U0001f433, [whale] 
U0001f434, [horse] 
U0001f435, [monkey_face] 
U0001f436, [dog] 
U0001f437, [pig] 
U0001f438, [frog] 
U0001f439, [hamster] 
U0001f43a, [wolf] 
U0001f43b, [bear] 
U0001f43c, [panda_face] 
U0001f43d, [pig_nose] 
U0001f43e, [paw_prints] 
U0001f440, [eyes] 
U0001f442, [ear] 
U0001f443, [nose] 
U0001f444, [lips] 
U0001f445, [tongue] 
U0001f446, [point_up_2] 
U0001f447, [point_down] 
U0001f448, [point_left] 
U0001f449, [point_right] 
U0001f44a, [facepunch] 
U0001f44b, [wave] 
U0001f44c, [ok_hand] 
U0001f44d, [thumbsup] 
U0001f44e, [-1] 
U0001f44f, [clap] 
U0001f450, [open_hands] 
U0001f451, [crown] 
U0001f452, [womans_hat] 
U0001f453, [eyeglasses] 
U0001f454, [necktie] 
U0001f455, [tshirt] 
U0001f456, [jeans] 
U0001f457, [dress] 
U0001f458, [kimono] 
U0001f459, [bikini] 
U0001f45a, [womans_clothes] 
U0001f45b, [purse] 
U0001f45c, [handbag] 
U0001f45d, [pouch] 
U0001f45e, [shoe] 
U0001f45f, [athletic_shoe] 
U0001f460, [high_heel] 
U0001f461, [sandal] 
U0001f462, [boot] 
U0001f463, [footprints] 
U0001f464, [bust_in_silhouette] 
U0001f465, [busts_in_silhouette] 
U0001f466, [boy] 
U0001f467, [girl] 
U0001f468, [man] 
U0001f469, [woman] 
U0001f46a, [family] 
U0001f46b, [couple] 
U0001f46c, [two_men_holding_hands] 
U0001f46d, [two_women_holding_hands] 
U0001f46e, [cop] 
U0001f46f, [dancers] 
U0001f470, [bride_with_veil] 
U0001f471, [person_with_blond_hair] 
U0001f472, [man_with_gua_pi_mao] 
U0001f473, [man_with_turban] 
U0001f474, [older_man] 
U0001f475, [older_woman] 
U0001f476, [baby] 
U0001f477, [construction_worker] 
U0001f478, [princess] 
U0001f479, [japanese_ogre] 
U0001f47a, [japanese_goblin] 
U0001f47b, [ghost] 
U0001f47c, [angel] 
U0001f47d, [alien] 
U0001f47e, [space_invader] 
U0001f47f, [imp] 
U0001f480, [skull] 
U0001f481, [information_desk_person] 
U0001f482, [guardsman] 
U0001f483, [dancer] 
U0001f484, [lipstick] 
U0001f485, [nail_care] 
U0001f486, [massage] 
U0001f487, [haircut] 
U0001f488, [barber] 
U0001f489, [syringe] 
U0001f48a, [pill] 
U0001f48b, [kiss] 
U0001f48c, [love_letter] 
U0001f48d, [ring] 
U0001f48e, [gem] 
U0001f48f, [couplekiss] 
U0001f490, [bouquet] 
U0001f491, [couple]+[heart] 
U0001f492, [wedding] 
U0001f493, [heart] 
U0001f494, [broken_heart] 
U0001f495, [heart]+[heart] 
U0001f496, [heart] 
U0001f497, [heart] 
U0001f498, [cupid] 
U0001f499, [heart] 
U0001f49a, [heart] 
U0001f49b, [heart] 
U0001f49c, [heart] 
U0001f49d, [gift]+[heart] 
U0001f49e, [heart]+[heart] 
U0001f49f, [heart] 
U0001f4a0, [diamond_shape_with_a_dot_inside] 
U0001f4a1, [bulb] 
U0001f4a2, [anger] 
U0001f4a3, [bomb] 
U0001f4a4, [zzz] 
U0001f4a5, [boom] 
U0001f4a6, [sweat_drops] 
U0001f4a7, [droplet] 
U0001f4a8, [dash] 
U0001f4a9, [shit] 
U0001f4aa, [muscle] 
U0001f4ab, [dizzy] 
U0001f4ac, [speech_balloon] 
U0001f4ad, [thought_balloon] 
U0001f4ae, [white_flower] 
U0001f4af, [100] 
U0001f4b0, [moneybag] 
U0001f4b1, [currency_exchange] 
U0001f4b2, [heavy_dollar_sign] 
U0001f4b3, [credit_card] 
U0001f4b4, [yen] 
U0001f4b5, [dollar] 
U0001f4b6, [euro] 
U0001f4b7, [pound] 
U0001f4b8, [money_with_wings] 
U0001f4b9, [chart] 
U0001f4ba, [seat] 
U0001f4bb, [computer] 
U0001f4bc, [briefcase] 
U0001f4bd, [minidisc] 
U0001f4be, [floppy_disk] 
U0001f4bf, [cd] 
U0001f4c0, [dvd] 
U0001f4c1, [file_folder] 
U0001f4c2, [open_file_folder] 
U0001f4c3, [page_with_curl] 
U0001f4c4, [page_facing_up] 
U0001f4c5, [date] 
U0001f4c6, [calendar] 
U0001f4c7, [card_index] 
U0001f4c8, [chart_with_upwards_trend] 
U0001f4c9, [chart_with_downwards_trend] 
U0001f4ca, [bar_chart] 
U0001f4cb, [clipboard] 
U0001f4cc, [pushpin] 
U0001f4cd, [round_pushpin] 
U0001f4ce, [paperclip] 
U0001f4cf, [straight_ruler] 
U0001f4d0, [triangular_ruler] 
U0001f4d1, [bookmark_tabs] 
U0001f4d2, [ledger] 
U0001f4d3, [notebook] 
U0001f4d4, [notebook_with_decorative_cover] 
U0001f4d5, [closed_book] 
U0001f4d6, [open_book] 
U0001f4d7, [green_book] 
U0001f4d8, [blue_book] 
U0001f4d9, [orange_book] 
U0001f4da, [books] 
U0001f4db, [name_badge] 
U0001f4dc, [scroll] 
U0001f4dd, [memo] 
U0001f4de, [telephone_receiver] 
U0001f4df, [pager] 
U0001f4e0, [fax] 
U0001f4e1, [satellite] 
U0001f4e2, [loudspeaker] 
U0001f4e3, [mega] 
U0001f4e4, [outbox_tray] 
U0001f4e5, [inbox_tray] 
U0001f4e6, [package] 
U0001f4e7, [e-mail] 
U0001f4e8, [incoming_envelope] 
U0001f4e9, [envelope_with_arrow] 
U0001f4ea, [mailbox_closed] 
U0001f4eb, [mailbox] 
U0001f4ec, [mailbox_with_mail] 
U0001f4ed, [mailbox_with_no_mail] 
U0001f4ee, [postbox] 
U0001f4ef, [postal_horn] 
U0001f4f0, [newspaper] 
U0001f4f1, [iphone] 
U0001f4f2, [calling] 
U0001f4f3, [vibration_mode] 
U0001f4f4, [mobile_phone_off] 
U0001f4f5, [no_mobile_phones] 
U0001f4f6, [signal_strength] 
U0001f4f7, [camera] 
U0001f4f9, [video_camera] 
U0001f4fa, [tv] 
U0001f4fb, [radio] 
U0001f4fc, [vhs] 
U0001f500, [twisted_rightwards_arrows] 
U0001f501, [repeat] 
U0001f502, [repeat_one] 
U0001f503, [arrows_clockwise] 
U0001f504, [arrows_counterclockwise] 
U0001f505, [low_brightness] 
U0001f506, [high_brightness] 
U0001f507, [mute] 
U0001f508, [speaker] 
U0001f509, [sound] 
U0001f50a, [loud_sound] 
U0001f50b, [battery] 
U0001f50c, [electric_plug] 
U0001f50d, [mag] 
U0001f50e, [mag_right] 
U0001f50f, [lock_with_ink_pen] 
U0001f510, [closed_lock_with_key] 
U0001f511, [key] 
U0001f512, [lock] 
U0001f513, [unlock] 
U0001f514, [bell] 
U0001f515, [no_bell] 
U0001f516, [bookmark] 
U0001f517, [link] 
U0001f518, [radio_button] 
U0001f519, [back] 
U0001f51a, [end] 
U0001f51b, [on] 
U0001f51c, [soon] 
U0001f51d, [top] 
U0001f51e, [underage] 
U0001f51f, [keycap_ten] 
U0001f520, [capital_abcd] 
U0001f521, [abcd] 
U0001f522, [1234] 
U0001f523, [symbols] 
U0001f524, [abc] 
U0001f525, [fire] 
U0001f526, [flashlight] 
U0001f527, [wrench] 
U0001f528, [hammer] 
U0001f529, [nut_and_bolt] 
U0001f52a, [hocho] 
U0001f52b, [gun] 
U0001f52c, [microscope] 
U0001f52d, [telescope] 
U0001f52e, [crystal_ball] 
U0001f52f, [six_pointed_star] 
U0001f530, [beginner] 
U0001f531, [trident] 
U0001f532, [black_square_button] 
U0001f533, [white_square_button] 
U0001f534, [red_circle] 
U0001f535, [large_blue_circle] 
U0001f536, [large_orange_diamond] 
U0001f537, [large_blue_diamond] 
U0001f538, [small_orange_diamond] 
U0001f539, [small_blue_diamond] 
U0001f53a, [small_red_triangle] 
U0001f53b, [small_red_triangle_down] 
U0001f53c, [arrow_up_small] 
U0001f53d, [arrow_down_small] 
U0001f550, [clock1] 
U0001f551, [clock2] 
U0001f552, [clock3] 
U0001f553, [clock4] 
U0001f554, [clock5] 
U0001f555, [clock6] 
U0001f556, [clock7] 
U0001f557, [clock8] 
U0001f558, [clock9] 
U0001f559, [clock10] 
U0001f55a, [clock11] 
U0001f55b, [clock12] 
U0001f55c, [clock130] 
U0001f55d, [clock230] 
U0001f55e, [clock330] 
U0001f55f, [clock430] 
U0001f560, [clock530] 
U0001f561, [clock630] 
U0001f562, [clock730] 
U0001f563, [clock830] 
U0001f564, [clock930] 
U0001f565, [clock1030] 
U0001f566, [clock1130] 
U0001f567, [clock1230] 
U0001f5fb, [mount_fuji] 
U0001f5fc, [tokyo_tower] 
U0001f5fd, [statue_of_liberty] 
U0001f5fe, [japan] 
U0001f5ff, [moyai] 
U0001f600, [grinning] 
U0001f601, [grin] 
U0001f602, [joy] 
U0001f603, [smiley] 
U0001f604, [smile] 
U0001f605, [sweat_smile] 
U0001f606, [satisfied] 
U0001f607, [innocent] 
U0001f608, [smiling_imp] 
U0001f609, [wink] 
U0001f60a, [blush] 
U0001f60b, [yum] 
U0001f60c, [relieved] 
U0001f60d, [heart_eyes] 
U0001f60e, [sunglasses] 
U0001f60f, [smirk] 
U0001f610, [neutral_face] 
U0001f611, [expressionless] 
U0001f612, [unamused] 
U0001f613, [sweat] 
U0001f614, [pensive] 
U0001f615, [confused] 
U0001f616, [confounded] 
U0001f617, [kissing] 
U0001f618, [blowing_kiss] 
U0001f619, [kissing_smiling_eyes] 
U0001f61a, [kissing_closed_eyes] 
U0001f61b, [stuck_out_tongue] 
U0001f61c, [stuck_out_tongue_winking_eye] 
U0001f61d, [stuck_out_tongue_closed_eyes] 
U0001f61e, [disappointed] 
U0001f61f, [worried] 
U0001f620, [angry] 
U0001f621, [rage] 
U0001f622, [cry] 
U0001f623, [persevere] 
U0001f624, [triumph] 
U0001f625, [disappointed_relieved] 
U0001f626, [frowning] 
U0001f627, [anguished] 
U0001f628, [fearful] 
U0001f629, [weary] 
U0001f62a, [sleepy] 
U0001f62b, [tired_face] 
U0001f62c, [grimacing] 
U0001f62d, [sob] 
U0001f62e, [open_mouth] 
U0001f62f, [hushed] 
U0001f630, [cold_sweat] 
U0001f631, [scream] 
U0001f632, [astonished] 
U0001f633, [flushed] 
U0001f634, [sleeping] 
U0001f635, [dizzy_face] 
U0001f636, [no_mouth] 
U0001f637, [mask] 
U0001f638, [smile_cat] 
U0001f639, [joy_cat] 
U0001f63a, [smiley_cat] 
U0001f63b, [heart_eyes_cat] 
U0001f63c, [smirk_cat] 
U0001f63d, [kissing_cat] 
U0001f63e, [pouting_cat] 
U0001f63f, [crying_cat_face] 
U0001f640, [scream_cat] 
U0001f645, [no_good] 
U0001f646, [ok_woman] 
U0001f647, [bow] 
U0001f648, [see_no_evil] 
U0001f649, [hear_no_evil] 
U0001f64a, [speak_no_evil] 
U0001f64b, [raising_hand] 
U0001f64c, [raised_hands] 
U0001f64d, [person_frowning] 
U0001f64e, [person_with_pouting_face] 
U0001f64f, [pray] 
U0001f680, [rocket] 
U0001f681, [helicopter] 
U0001f682, [steam_locomotive] 
U0001f683, [railway_car] 
U0001f684, [bullettrain_side] 
U0001f685, [bullettrain_front] 
U0001f686, [train2] 
U0001f687, [metro] 
U0001f688, [light_rail] 
U0001f689, [station] 
U0001f68a, [tram] 
U0001f68b, [train] 
U0001f68c, [bus] 
U0001f68d, [oncoming_bus] 
U0001f68e, [trolleybus] 
U0001f68f, [busstop] 
U0001f690, [minibus] 
U0001f691, [ambulance] 
U0001f692, [fire_engine] 
U0001f693, [police_car] 
U0001f694, [oncoming_police_car] 
U0001f695, [taxi] 
U0001f696, [oncoming_taxi] 
U0001f697, [red_car] 
U0001f698, [oncoming_automobile] 
U0001f699, [blue_car] 
U0001f69a, [truck] 
U0001f69b, [articulated_lorry] 
U0001f69c, [tractor] 
U0001f69d, [monorail] 
U0001f69e, [mountain_railway] 
U0001f69f, [suspension_railway] 
U0001f6a0, [mountain_cableway] 
U0001f6a1, [aerial_tramway] 
U0001f6a2, [ship] 
U0001f6a3, [rowboat] 
U0001f6a4, [speedboat] 
U0001f6a5, [traffic_light] 
U0001f6a6, [vertical_traffic_light] 
U0001f6a7, [construction] 
U0001f6a8, [rotating_light] 
U0001f6a9, [triangular_flag_on_post] 
U0001f6aa, [door] 
U0001f6ab, [no_entry_sign] 
U0001f6ac, [smoking] 
U0001f6ad, [no_smoking] 
U0001f6ae, [put_litter_in_its_place] 
U0001f6af, [do_not_litter] 
U0001f6b0, [potable_water] 
U0001f6b1, [non-potable_water] 
U0001f6b2, [bike] 
U0001f6b3, [no_bicycles] 
U0001f6b4, [bicyclist] 
U0001f6b5, [mountain_bicyclist] 
U0001f6b6, [walking] 
U0001f6b7, [no_pedestrians] 
U0001f6b8, [children_crossing] 
U0001f6b9, [mens] 
U0001f6ba, [womens] 
U0001f6bb, [restroom] 
U0001f6bc, [baby_symbol] 
U0001f6bd, [toilet] 
U0001f6be, [wc] 
U0001f6bf, [shower] 
U0001f6c0, [bath] 
U0001f6c1, [bathtub] 
U0001f6c2, [passport_control] 
U0001f6c3, [customs] 
U0001f6c4, [baggage_claim] 
U0001f6c5, [left_luggage] 
u0374, [greek_numeral_sign] 
u0375, [greek_lower_numeral_sign] 
u037a, [greek_ypogegrammeni] 
u037b, [greek_small_reversed_lunate_sigma_symbol] 
u037c, [greek_small_dotted_lunate_sigma_symbol] 
u037d, [greek_small_reversed_dotted_lunate_sigma_symbol] 
u037e, [greek_question_mark] 
u0384, [greek_acute_accent] 
u0385, [greek_diaeresis_with_acute_accent] 
u0386, [greek_capital_a_with_acute_accent] 
u0387, [greek_ano_teleia] 
u0388, [greek_capital_epsilon_with_acute_accent] 
u0389, [greek_capital_eta_with_acute_accent] 
u038a, [greek_capital_iota_with_acute_accent] 
u038c, [greek_capital_omicron_with_acute_accent] 
u038e, [greek_capital_upsilon_with_acute_accent] 
u038f, [greek_capital_omega_with_acute_accent] 
u0390, [greek_small_iota_with_diaeresis_and_acute_accent] 
u0391, [greek_capital_alpha] 
u0392, [greek_capital_beta] 
u0393, [greek_capital_gamma] 
u0394, [greek_capital_delta] 
u0395, [greek_capital_epsilon] 
u0396, [greek_capital_zeta] 
u0397, [greek_capital_eta] 
u0398, [greek_capital_theta] 
u0399, [greek_capital_iota] 
u039a, [greek_capital_kappa] 
u039b, [greek_capital_lambda] 
u039c, [greek_capital_mu] 
u039d, [greek_capital_nu] 
u039e, [greek_capital_xi] 
u039f, [greek_capital_omicron] 
u03a0, [greek_capital_pi] 
u03a1, [greek_capital_rho] 
u03a3, [greek_capital_sigma] 
u03a4, [greek_capital_tau] 
u03a5, [greek_capital_upsilon] 
u03a6, [greek_capital_phi] 
u03a7, [greek_capital_chi] 
u03a8, [greek_capital_psi] 
u03a9, [greek_capital_omega] 
u03aa, [greek_capital_iota_with_diaeresis] 
u03ab, [greek_capital_upsilon_with_diaeresis] 
u03ac, [greek_small_alpha_with_acute_accent] 
u03ad, [greek_small_epsilon_with_acute_accent] 
u03ae, [greek_small_eta_with_acute_accent] 
u03af, [greek_small_iota_with_acute_accent] 
u03b0, [greek_small_upsilon_with_diaeresis_and_acute_accent] 
u03b1, [greek_small_alpha] 
u03b2, [greek_small_beta] 
u03b3, [greek_small_gamma] 
u03b4, [greek_small_delta] 
u03b5, [greek_small_epsilon] 
u03b6, [greek_small_zeta] 
u03b7, [greek_small_eta] 
u03b8, [greek_small_theta] 
u03b9, [greek_small_iota] 
u03ba, [greek_small_kappa] 
u03bb, [greek_small_lambda] 
u03bc, [greek_small_mu] 
u03bd, [greek_small_nu] 
u03be, [greek_small_xi] 
u03bf, [greek_small_omicron] 
u03c0, [greek_small_pi] 
u03c1, [greek_small_rho] 
u03c2, [greek_small_final_sigma] 
u03c3, [greek_small_sigma] 
u03c4, [greek_small_tau] 
u03c5, [greek_small_upsilon] 
u03c6, [greek_small_phi] 
u03c7, [greek_small_chi] 
u03c8, [greek_small_psi] 
u03c9, [greek_small_omega] 
u03ca, [greek_small_iota_with_diaeresis] 
u03cb, [greek_small_upsilon_with_diaeresis] 
u03cc, [greek_small_omicron_with_acute_accent] 
u03cd, [greek_small_upsilon_with_acute_accent] 
u03ce, [greek_small_omega_with_acute_accent] 
u03d0, [greek_beta_symbol] 
u03d1, [greek_theta_symbol] 
u03d2, [greek_upsilon_with_hook_symbol] 
u03d3, [greek_upsilon_with_acute_and_hook_symbol] 
u03d4, [greek_upsilon_with_diaeresis_and_hook_symbol] 
u03d5, [greek_phi_symbol] 
u03d6, [greek_pi_symbol] 
u03d7, [greek_kai_symbol] 
u03d8, [greek_qoppa] 
u03d9, [greek_small_qoppa] 
u03da, [greek_stigma_letter] 
u03db, [greek_small_stigma] 
u03dc, [greek_digamma] 
u03dd, [greek_small_digamma] 
u03de, [greek_koppa] 
u03df, [greek_small_koppa] 
u03e0, [greek_sampi] 
u03e1, [greek_small_sampi] 
u03e2, [coptic_capital_shei] 
u03e3, [coptic_small_shei] 
u03e4, [coptic_capital_fei] 
u03e5, [coptic_small_fei] 
u03e6, [coptic_capital_khei] 
u03e7, [coptic_small_khei] 
u03e8, [coptic_capital_hori] 
u03e9, [coptic_small_hori] 
u03ea, [coptic_capital_gangia] 
u03eb, [coptic_small_gangia] 
u03ec, [coptic_capital_shima] 
u03ed, [coptic_small_shima] 
u03ee, [coptic_capital_dei] 
u03ef, [coptic_small_dei] 
u03f0, [greek_kappa_symbol] 
u03f1, [greek_rho_symbol] 
u03f2, [greek_lunate_sigma_symbol] 
u03f3, [greek_yot] 
u03f4, [greek_capital_theta_symbol] 
u03f5, [greek_lunate_epsilon_symbol] 
u03f6, [greek_reversed_lunate_epsilon_symbol] 
u03f7, [greek_capital_sho] 
u03f8, [greek_small_sho] 
u03f9, [greek_capital_lunate_sigma_symbol] 
u03fa, [greek_capital_san] 
u03fb, [greek_small_san] 
u03fc, [greek_rho_with_stroke_symbol] 
u03fd, [greek_capital_reversed_lunate_sigma_symbol] 
u03fe, [greek_capital_dotted_lunate_sigma_symbol] 
u03ff, [greek_capital_reversed_dotted_lunate_sigma_symbol] 
u201c," [""] "
u201d," [""] "
u2026,[…]
u2190, [leftwards_arrow] 
u2191, [upwards_arrow] 
u2192, [rightwards_arrow] 
u2193, [downwards_arrow] 
u2194, [left_right_arrow] 
u2195, [up_down_arrow] 
u2196, [north_west_arrow] 
u2197, [north_east_arrow] 
u2198, [south_east_arrow] 
u2199, [south_west_arrow] 
u219a, [leftwards_arrow_with_stroke] 
u219b, [rightwards_arrow_with_stroke] 
u219c, [leftwards_wave_arrow] 
u219d, [rightwards_wave_arrow] 
u219e, [leftwards_two_headed_arrow] 
u219f, [upwards_two_headed_arrow] 
u21a0, [rightwards_two_headed_arrow] 
u21a1, [downwards_two_headed_arrow] 
u21a2, [leftwards_arrow_with_tail] 
u21a3, [rightwards_arrow_with_tail] 
u21a4, [leftwards_arrow_from_bar] 
u21a5, [upwards_arrow_from_bar] 
u21a6, [rightwards_arrow_from_bar] 
u21a7, [downwards_arrow_from_bar] 
u21a8, [up_down_arrow_with_base] 
u21a9, [leftwards_arrow_with_hook] 
u21aa, [rightwards_arrow_with_hook] 
u21ab, [leftwards_arrow_with_loop] 
u21ac, [rightwards_arrow_with_loop] 
u21ad, [left_right_wave_arrow] 
u21ae, [left_right_arrow_with_stroke] 
u21af, [downwards_zigzag_arrow] 
u21b0, [upwards_arrow_with_tip_leftwards] 
u21b1, [upwards_arrow_with_tip_rightwards] 
u21b2, [downwards_arrow_with_tip_leftwards] 
u21b3, [downwards_arrow_with_tip_rightwards] 
u21b4, [rightwards_arrow_with_corner_downwards] 
u21b5, [downwards_arrow_with_corner_leftwards] 
u21b6, [anticlockwise_top_semicircle_arrow] 
u21b7, [clockwise_top_semicircle_arrow] 
u21b8, [north_west_arrow_to_long_bar] 
u21b9, [leftwards_arrow_to_bar_over_rightwards_arrow_to_bar] 
u21ba, [anticlockwise_open_circle_arrow] 
u21bb, [clockwise_open_circle_arrow] 
u21bc, [leftwards_harpoon_with_barb_upwards] 
u21bd, [leftwards_harpoon_with_barb_downwards] 
u21be, [upwards_harpoon_with_barb_rightwards] 
u21bf, [upwards_harpoon_with_barb_leftwards] 
u21c0, [rightwards_harpoon_with_barb_upwards] 
u21c1, [rightwards_harpoon_with_barb_downwards] 
u21c2, [downwards_harpoon_with_barb_rightwards] 
u21c3, [downwards_harpoon_with_barb_leftwards] 
u21c4, [rightwards_arrow_over_leftwards_arrow] 
u21c5, [upwards_arrow_leftwards_of_downwards_arrow] 
u21c6, [leftwards_arrow_over_rightwards_arrow] 
u21c7, [leftwards_paired_arrows] 
u21c8, [upwards_paired_arrows] 
u21c9, [rightwards_paired_arrows] 
u21ca, [downwards_paired_arrows] 
u21cb, [leftwards_harpoon_over_rightwards_harpoon] 
u21cc, [rightwards_harpoon_over_leftwards_harpoon] 
u21cd, [leftwards_double_arrow_with_stroke] 
u21ce, [left_right_double_arrow_with_stroke] 
u21cf, [rightwards_double_arrow_with_stroke] 
u21d0, [leftwards_double_arrow] 
u21d1, [upwards_double_arrow] 
u21d2, [rightwards_double_arrow] 
u21d3, [downwards_double_arrow] 
u21d4, [left_right_double_arrow] 
u21d5, [up_down_double_arrow] 
u21d6, [north_west_double_arrow] 
u21d7, [north_east_double_arrow] 
u21d8, [south_east_double_arrow] 
u21d9, [south_west_double_arrow] 
u21da, [leftwards_triple_arrow] 
u21db, [rightwards_triple_arrow] 
u21dc, [leftwards_squiggle_arrow] 
u21dd, [rightwards_squiggle_arrow] 
u21de, [upwards_arrow_with_double_stroke] 
u21df, [downwards_arrow_with_double_stroke] 
u21e0, [leftwards_dashed_arrow] 
u21e1, [upwards_dashed_arrow] 
u21e2, [rightwards_dashed_arrow] 
u21e3, [downwards_dashed_arrow] 
u21e4, [leftwards_arrow_to_bar] 
u21e5, [rightwards_arrow_to_bar] 
u21e6, [leftwards_thick_arrow] 
u21e7, [upwards_thick_arrow] 
u21e8, [rightwards_thick_arrow] 
u21e9, [downwards_thick_arrow] 
u21ea, [upwards_thick_arrow_from_bar] 
u21eb, [upwards_thick_arrow_on_pedestal] 
u21ec, [upwards_thick_arrow_on_pedestal_with_horizontal_bar] 
u21ed, [upwards_thick_arrow_on_pedestal_with_vertical_bar] 
u21ee, [upwards_thick_double_arrow] 
u21ef, [upwards_thick_double_arrow_on_pedestal] 
u21f0, [rightwards_thick_arrow_from_wall] 
u21f1, [north_west_arrow_to_corner] 
u21f2, [south_east_arrow_to_corner] 
u21f3, [up_down_thick_arrow] 
u21f4, [right_arrow_with_small_circle] 
u21f5, [downwards_arrow_leftwards_of_upwards_arrow] 
u21f6, [three_rightwards_arrows] 
u21f7, [leftwards_arrow_with_vertical_stroke] 
u21f8, [rightwards_arrow_with_vertical_stroke] 
u21f9, [left_right_arrow_with_vertical_stroke] 
u21fa, [leftwards_arrow_with_double_vertical_stroke] 
u21fb, [rightwards_arrow_with_double_vertical_stroke] 
u21fc, [left_right_arrow_with_double_vertical_stroke] 
u21fd, [leftwards_open_headed_arrow] 
u21fe, [rightwards_open_headed_arrow] 
u21ff, [left_right_open_headed_arrow] 
u25a0, [black_square] 
u25a1, [white_square] 
u25a2, [white_square_with_rounded_corners] 
u25a3, [white_square_containing_black_small_square] 
u25a4, [square_with_horizontal_fill] 
u25a5, [square_with_vertical_fill] 
u25a6, [square_with_orthogonal_crosshatch_fill] 
u25a7, [square_with_upper_left_to_lower_right_fill] 
u25a8, [square_with_upper_right_to_lower_left_fill] 
u25a9, [square_with_diagonal_crosshatch_fill] 
u25aa, [black_small_square] 
u25ab, [white_small_square] 
u25ac, [black_rectangle] 
u25ad, [white_rectangle] 
u25ae, [black_vertical_rectangle] 
u25af, [white_vertical_rectangle] 
u25b0, [black_parallelogram] 
u25b1, [white_parallelogram] 
u25b2, [black_up_pointing_triangle] 
u25b3, [white_up_pointing_triangle] 
u25b4, [black_up_pointing_small_triangle] 
u25b5, [white_up_pointing_small_triangle] 
u25b6, [black_right_pointing_triangle] 
u25b7, [white_right_pointing_triangle] 
u25b8, [black_right_pointing_small_triangle] 
u25b9, [white_right_pointing_small_triangle] 
u25ba, [black_right_pointing_pointer] 
u25bb, [white_right_pointing_pointer] 
u25bc, [black_down_pointing_triangle] 
u25bd, [white_down_pointing_triangle] 
u25be, [black_down_pointing_small_triangle] 
u25bf, [white_down_pointing_small_triangle] 
u25c0, [black_left_pointing_triangle] 
u25c1, [white_left_pointing_triangle] 
u25c2, [black_left_pointing_small_triangle] 
u25c3, [white_left_pointing_small_triangle] 
u25c4, [black_left_pointing_pointer] 
u25c5, [white_left_pointing_pointer] 
u25c6, [black_diamond] 
u25c7, [white_diamond] 
u25c8, [white_diamond_containing_black_small_diamond] 
u25c9, [fisheye] 
u25ca, [lozenge] 
u25cb, [white_circle] 
u25cc, [dotted_circle] 
u25cd, [circle_with_vertical_fill] 
u25ce, [bullseye] 
u25cf, [black_circle] 
u25d0, [circle_with_left_half_black] 
u25d1, [circle_with_right_half_black] 
u25d2, [circle_with_lower_half_black] 
u25d3, [circle_with_upper_half_black] 
u25d4, [circle_with_upper_right_quadrant_black] 
u25d5, [circle_with_all_but_upper_left_quadrant_black] 
u25d6, [left_half_black_circle] 
u25d7, [right_half_black_circle] 
u25d8, [inverse_bullet] 
u25d9, [inverse_white_circle] 
u25da, [upper_half_inverse_white_circle] 
u25db, [lower_half_inverse_white_circle] 
u25dc, [upper_left_quadrant_circular_arc] 
u25dd, [upper_right_quadrant_circular_arc] 
u25de, [lower_right_quadrant_circular_arc] 
u25df, [lower_left_quadrant_circular_arc] 
u25e0, [upper_half_circle] 
u25e1, [lower_half_circle] 
u25e2, [black_lower_right_triangle] 
u25e3, [black_lower_left_triangle] 
u25e4, [black_upper_left_triangle] 
u25e5, [black_upper_right_triangle] 
u25e6, [white_bullet] 
u25e7, [square_with_left_half_black] 
u25e8, [square_with_right_half_black] 
u25e9, [square_with_upper_left_diagonal_half_black] 
u25ea, [square_with_lower_right_diagonal_half_black] 
u25eb, [white_square_with_vertical_bisecting_line] 
u25ec, [white_up_pointing_triangle_with_dot] 
u25ed, [up_pointing_triangle_with_left_half_black] 
u25ee, [up_pointing_triangle_with_right_half_black] 
u25ef, [large_circle] 
u25f0, [white_square_with_upper_left_quadrant] 
u25f1, [white_square_with_lower_left_quadrant] 
u25f2, [white_square_with_lower_right_quadrant] 
u25f3, [white_square_with_upper_right_quadrant] 
u25f4, [white_circle_with_upper_left_quadrant] 
u25f5, [white_circle_with_lower_left_quadrant] 
u25f6, [white_circle_with_lower_right_quadrant] 
u25f7, [white_circle_with_upper_right_quadrant] 
u25f8, [upper_left_triangle] 
u25f9, [upper_right_triangle] 
u25fa, [lower_left_triangle] 
u25fb, [white_medium_square] 
u25fc, [black_medium_square] 
u25fd, [white_medium_small_square] 
u25fe, [black_medium_small_square] 
u25ff, [lower_right_triangle] 
u2600, [black_sun_with_rays] 
u2601, [cloud] 
u2602, [umbrella] 
u2603, [snowman] 
u2604, [comet] 
u2605, [black_star] 
u2606, [white_star] 
u2607, [lightning] 
u2608, [thunderstorm] 
u2609, [sun] 
u260a, [ascending_node] 
u260b, [descending_node] 
u260c, [conjunction] 
u260d, [opposition] 
u260e, [black_telephone] 
u260f, [white_telephone] 
u2610, [ballot_box] 
u2611, [ballot_box_with_check] 
u2612, [ballot_box_with_x] 
u2613, [saltire] 
u2614, [umbrella_with_raindrops] 
u2615, [hot_beverage] 
u2616, [white_shogi_piece] 
u2617, [black_shogi_piece] 
u2619, [heart] 
u261a, [black_left_pointing_index] 
u261b, [black_right_pointing_index] 
u261c, [white_left_pointing_index] 
u261d, [white_up_pointing_index] 
u261e, [white_right_pointing_index] 
u261f, [white_down_pointing_index] 
u2620, [skull_&_crossbones] 
u2621, [caution_sign] 
u2622, [radioactive_sign] 
u2623, [biohazard_sign] 
u2624, [caduceus] 
u2625, [ankh] 
u2626, [orthodox_cross] 
u2627, [chi_rho] 
u2628, [cross_of_lorraine] 
u2629, [cross_of_jerusalem] 
u262a, [star_and_crescent] 
u262b, [farsi_symbol] 
u262c, [adi_shakti] 
u262d, [hammer_and_sickle] 
u262e, [peace_symbol] 
u262f, [yin_yang] 
u2630, [trigram_for_heaven] 
u2631, [trigram_for_lake] 
u2632, [trigram_for_fire] 
u2633, [trigram_for_thunder] 
u2634, [trigram_for_wind] 
u2634, [trigram_for_water] 
u2636, [trigram_for_mountain] 
u2637, [trigram_for_earth] 
u2638, [wheel_of_dharma] 
u2639, [white_frowning_face] 
u263a, [white_smiling_face] 
u263b, [black_smiling_face] 
u263c, [white_sun_with_rays] 
u263d, [first_quarter_moon] 
u263e, [last_quarter_moon] 
u263f, [mercury] 
u2640, [female_sign] 
u2641, [earth] 
u2642, [male_sign] 
u2643, [jupiter] 
u2644, [saturn] 
u2645, [uranus] 
u2646, [neptune] 
u2647, [pluto] 
u2648, [aries] 
u2649, [taurus] 
u264a, [gemini] 
u264b, [cancer] 
u264c, [leo] 
u264d, [virgo] 
u264e, [libra] 
u264f, [scorpius] 
u2650, [sagittarius] 
u2651, [capricorn] 
u2652, [aquarius] 
u2653, [pisces] 
u2654, [white_chess_king] 
u2655, [white_chess_queen] 
u2656, [white_chess_rook] 
u2657, [white_chess_bishop] 
u2658, [white_chess_knight] 
u2659, [white_chess_pawn] 
u265a, [black_chess_king] 
u265b, [black_chess_queen] 
u265c, [black_chess_rook] 
u265d, [black_chess_bishop] 
u265e, [black_chess_knight] 
u265f, [black_chess_pawn] 
u2660, [black_spade_suit] 
u2661, [heart] 
u2662, [white_diamond_suit] 
u2663, [black_club_suit] 
u2664, [white_spade_suit] 
u2665, [heart] 
u2666, [black_diamond_suit] 
u2667, [white_club_suit] 
u2668, [hot_springs] 
u2669, [quarter_note] 
u266a, [eighth_note] 
u266b, [beamed_eighth_notes] 
u266c, [beamed_sixteenth_notes] 
u266d, [music_flat_sign] 
u266e, [music_natural_sign] 
u266f, [music_sharp_sign] 
u2670, [west_syriac_cross] 
u2671, [east_syriac_cross] 
u2672, [universal_recycling_symbol] 
u2673, [recycling_symbol_for_type-1_plastics] 
u2674, [recycling_symbol_for_type-2_plastics] 
u2675, [recycling_symbol_for_type-3_plastics] 
u2676, [recycling_symbol_for_type-4_plastics] 
u2677, [recycling_symbol_for_type-5_plastics] 
u2678, [recycling_symbol_for_type-6_plastics] 
u2679, [recycling_symbol_for_type-7_plastics] 
u267a, [recycling_symbol_for_generic_materials] 
u267b, [black_universal_recycling_symbol] 
u267c, [recycled_paper_symbol] 
u267d, [partially-recycled_paper_symbol] 
u2680, [die_face-1] 
u2681, [die_face-2] 
u2682, [die_face-3] 
u2683, [die_face-4] 
u2684, [die_face-5] 
u2685, [die_face-6] 
u2686, [white_circle_with_dot_right] 
u2687, [white_circle_with_two_dots] 
u2688, [black_circle_with_dot_right] 
u2689, [black_circle_with_two_dots] 
u268a, [monogram_for_yang] 
u268b, [monogram_for_yin] 
u268c, [diagram_for_greater_yang] 
u268d, [diagram_for_lesser_yin] 
u268e, [diagram_for_lesser_yang] 
u268f, [diagram_for_greater_yin] 
u2690, [white_flag] 
u2691, [black_flag] 
u2692, [hammer_and_pick] 
u2693, [anchor] 
u2694, [crossed_swords] 
u2695, [staff_of_aesculapius] 
u2696, [scales] 
u2697, [alembic] 
u2698, [flower] 
u2699, [gear] 
u269a, [staff_of_hermes] 
u269b, [atom_symbol] 
u269c, [fleur-de-lis] 
u269d, [outlined_white_star] 
u269e, [three_lines_converging_right] 
u269f, [three_lines_converging_left] 
u26a0, [warning_sign] 
u26a1, [high_voltage_sign] 
u26a1, [warning_sign] 
u26a2, [doubled_female_sign] 
u26a3, [doubled_male_sign] 
u26a4, [interlocked_female_and_male_sign] 
u26a5, [male_and_female_sign] 
u26a6, [male_with_stroke_sign] 
u26a7, [male_with_stroke_and_male_and_female_sign] 
u26a8, [vertical_male_with_stroke_sign] 
u26a9, [horizontal_male_with_stroke_sign] 
u26aa, [medium_white_circle] 
u26ab, [medium_black_circle] 
u26ac, [medium_small_white_circle] 
u26ad, [marriage_symbol] 
u26ae, [divorce_symbol] 
u26af, [unmarried_partnership_symbol] 
u26b0, [coffin] 
u26b1, [funeral_urn] 
u26b2, [neuter] 
u26b3, [ceres] 
u26b4, [pallas] 
u26b5, [juno] 
u26b6, [vesta] 
u26b7, [chiron] 
u26b8, [black_moon_lilith] 
u26b9, [sextile] 
u26ba, [semisextile] 
u26bb, [quincunx] 
u26bc, [sesquiquadrate] 
u26bd, [soccer_ball] 
u26be, [baseball] 
u26bf, [squared_key] 
u26c0, [white_draughts_man] 
u26c1, [white_draughts_king] 
u26c2, [black_draughts_man] 
u26c3, [black_draughts_king] 
u26c4, [snowman_without_snow] 
u26c5, [sun_behind_cloud] 
u26c6, [rain] 
u26c7, [black_snowman] 
u26c8, [thunder_cloud_and_rain] 
u26c9, [turned_white_shogi_piece] 
u26ca, [turned_black_shogi_piece] 
u26cb, [white_diamond_in_square] 
u26cc, [crossing_lanes] 
u26cd, [disabled_car] 
u26ce, [ophiuchus] 
u26cf, [pick] 
u26d0, [car_sliding] 
u26d1, [helmet_with_white_cross] 
u26d2, [circled_crossing_lanes] 
u26d3, [chains] 
u26d4, [no_entry] 
u26d5, [alternate_one-way_left_way_traffic] 
u26d6, [black_two-way_left_way_traffic] 
u26d7, [white_two-way_left_way_traffic] 
u26d8, [black_left_lane_merge] 
u26d9, [white_left_lane_merge] 
u26da, [drive_slow_sign] 
u26db, [heavy_white_down-pointing_triangle] 
u26dc, [left_closed_entry] 
u26dd, [squared_saltire] 
u26de, [falling_diagonal_in_white_circle_in_black_square] 
u26df, [black_truck] 
u26e0, [restricted_left_entry-1] 
u26e1, [restricted_left_entry-2] 
u26e2, [astronomical_symbol_for_uranus] 
u26e3, [heavy_circle_with_stroke_and_two_dots_above] 
u26e4, [pentagram] 
u26e5, [right-handed_interlaced_pentagram] 
u26e6, [left-handed_interlaced_pentagram] 
u26e7, [inverted_pentagram] 
u26e8, [black_cross_on_shield] 
u26e9, [shinto_shrine] 
u26ea, [church] 
u26eb, [castle] 
u26ec, [historic_site] 
u26ed, [gear_without_hub] 
u26ee, [gear_with_handles] 
u26ef, [map_symbol_for_lighthouse] 
u26f0, [mountain] 
u26f1, [umbrella_on_ground] 
u26f2, [fountain] 
u26f3, [flag_in_hole] 
u26f4, [ferry] 
u26f5, [sailboat] 
u26f6, [square_four_corners] 
u26f7, [skier] 
u26f8, [ice_skate] 
u26f9, [person_with_ball] 
u26fa, [tent] 
u26fb, [japanese_bank_symbol] 
u26fc, [headstone_graveyard_symbol] 
u26fd, [fuel_pump] 
u26fe, [cup_on_black_square] 
u26ff, [white_flag_with_horizontal_middle_black_stripe] 
u2701, [upper_blade_scissors] 
u2702, [black_scissors] 
u2703, [lower_blade_scissors] 
u2704, [white_scissors] 
u2705, [white_heavy_check_mark] 
u2706, [telephone_location_sign] 
u2707, [tape_drive] 
u2708, [airplane] 
u2709, [envelope] 
u270a, [raised_fist] 
u270b, [raised_hand] 
u270c, [victory_hand] 
u270d, [writing_hand] 
u270e, [lower_right_pencil] 
u270f, [pencil] 
u2710, [upper_right_pencil] 
u2711, [white_nib] 
u2712, [black_nib] 
u2713, [check_mark] 
u2714, [heavy_check_mark] 
u2715, [multiplication_x] 
u2716, [heavy_multiplication_x] 
u2717, [ballot_x] 
u2718, [heavy_ballot_x] 
u2719, [outlined_greek_cross] 
u271a, [heavy_greek_cross] 
u271b, [open_center_cross] 
u271c, [heavy_open_center_cross] 
u271d, [latin_cross] 
u271e, [shadowed_white_latin_cross] 
u271f, [outlined_latin_cross] 
u2720, [maltese_cross] 
u2721, [star_of_david] 
u2722, [four_teardrop-spoked_asterisk] 
u2723, [four_balloon-spoked_asterisk] 
u2724, [heavy_four_balloon-spoked_asterisk] 
u2725, [four_club-spoked_asterisk] 
u2726, [black_four-pointed_star] 
u2727, [white_four-pointed_star] 
u2728, [sparkles] 
u2729, [stress_outlined_white_star] 
u272a, [circled_white_star] 
u272b, [open_center_black_star] 
u272c, [black_center_white_star] 
u272d, [outlined_black_star] 
u272e, [heavy_outlined_black_star] 
u272f, [pinwheel_star] 
u2730, [shadowed_white_star] 
u2731, [heavy_asterisk] 
u2732, [open_center_asterisk] 
u2733, [eight_spoked_asterisk] 
u2734, [eight_pointed_black_star] 
u2735, [eight_pointed_pinwheel_star] 
u2736, [six_pointed_black_star] 
u2737, [eight_pointed_rectilinear_black_star] 
u2738, [heavy_eight_pointed_rectilinear_black_star] 
u2739, [twelve_pointed_black_star] 
u273a, [sixteen_pointed_asterisk] 
u273b, [teardrop_spoked_asterisk] 
u273c, [open_center_teardrop_spoked_asterisk] 
u273d, [heavy_teardrop_spoked_asterisk] 
u273e, [six_petalled_black_and_white_florette] 
u273f, [black_florette] 
u2740, [white_florette] 
u2741, [eight_petalled_outlined_black_florette] 
u2742, [circled_open_center_eight_pointed_star] 
u2743, [heavy_teardrop_spoked_pinwheel_asterisk] 
u2744, [snowflake] 
u2745, [tight_trifoliate_snowflake] 
u2746, [heavy_chevron_snowflake] 
u2747, [sparkle] 
u2748, [heavy_sparkle] 
u2749, [balloon_spoked_asterisk] 
u274a, [eight_teardrop_spoked_propeller_asterisk] 
u274b, [heavy_eight_teardrop_spoked_propeller_asterisk] 
u274c, [cross_mark] 
u274d, [shadowed_white_circle] 
u274e, [negative_squared_cross_mark] 
u274f, [lower_right_drop-shadowed_white_square] 
u2750, [upper_right_drop-shadowed_white_square] 
u2751, [lower_right_shadowed_white_square] 
u2752, [upper_right_shadowed_white_square] 
u2753, [black_question_mark_ornament] 
u2754, [white_question_mark_ornament] 
u2755, [white_exclamation_mark_ornament] 
u2756, [black_diamond_minus_white_x] 
u2757, [heavy_exclamation_mark_symbol] 
u2758, [light_vertical_bar] 
u2759, [medium_vertical_bar] 
u275a, [heavy_vertical_bar] 
u275b, [heavy_single_turned_comma_quotation_mark_ornament] 
u275c, [heavy_single_comma_quotation_mark_ornament] 
u275d, [heavy_double_turned_comma_quotation_mark_ornament] 
u275e, [heavy_double_comma_quotation_mark_ornament] 
u275f, [heavy_low_single_comma_quotation_mark_ornament] 
u2760, [heavy_low_double_comma_quotation_mark_ornament] 
u2761, [curved_stem_paragraph_sign_ornament] 
u2762, [heavy_exclamation_mark_ornament] 
u2763, [heavy_heart_exclamation_mark_ornament] 
u2764, [heart] 
u2765, [heart] 
u2766, [heart] 
u2767, [heart] 
u2768, [medium_left_parenthesis_ornament] 
u2769, [medium_right_parenthesis_ornament] 
u276a, [medium_flattened_left_parenthesis_ornament] 
u276b, [medium_flattened_right_parenthesis_ornament] 
u276c, [medium_left-pointing_angle_bracket_ornament] 
u276d, [medium_right-pointing_angle_bracket_ornament] 
u276e, [heavy_left-pointing_angle_quotation_mark_ornament] 
u276f, [heavy_right-pointing_angle_quotation_mark_ornament] 
u2770, [heavy_left-pointing_angle_bracket_ornament] 
u2771, [heavy_right-pointing_angle_bracket_ornament] 
u2772, [light_left_tortoise_shell_bracket_ornament] 
u2773, [light_right_tortoise_shell_bracket_ornament] 
u2774, [medium_left_curly_bracket_ornament] 
u2775, [medium_left_curly_bracket_ornament] 
u2776, [dingbat_negative_circled_digit_one] 
u2777, [dingbat_negative_circled_digit_two] 
u2778, [dingbat_negative_circled_digit_three] 
u2779, [dingbat_negative_circled_digit_four] 
u277a, [dingbat_negative_circled_digit_five] 
u277b, [dingbat_negative_circled_digit_six] 
u277c, [dingbat_negative_circled_digit_seven] 
u277d, [dingbat_negative_circled_digit_eight] 
u277e, [dingbat_negative_circled_digit_nine] 
u277f, [dingbat_negative_circled_digit_ten] 
u2780, [dingbat_circled_sans-serif_digit_one] 
u2781, [dingbat_circled_sans-serif_digit_two] 
u2782, [dingbat_circled_sans-serif_digit_three] 
u2783, [dingbat_circled_sans-serif_digit_four] 
u2784, [dingbat_circled_sans-serif_digit_five] 
u2785, [dingbat_circled_sans-serif_digit_six] 
u2786, [dingbat_circled_sans-serif_digit_seven] 
u2787, [dingbat_circled_sans-serif_digit_eight] 
u2788, [dingbat_circled_sans-serif_digit_nine] 
u2789, [dingbat_circled_sans-serif_digit_ten] 
u278a, [dingbat_negative_circled_sans-serif_digit_one] 
u278b, [dingbat_negative_circled_sans-serif_digit_two] 
u278c, [dingbat_negative_circled_sans-serif_digit_three] 
u278d, [dingbat_negative_circled_sans-serif_digit_four] 
u278e, [dingbat_negative_circled_sans-serif_digit_five] 
u278f, [dingbat_negative_circled_sans-serif_digit_six] 
u2790, [dingbat_negative_circled_sans-serif_digit_seven] 
u2791, [dingbat_negative_circled_sans-serif_digit_eight] 
u2792, [dingbat_negative_circled_sans-serif_digit_nine] 
u2793, [dingbat_negative_circled_sans-serif_digit_ten] 
u2794, [heavy_wide-headed_rightward_arrow] 
u2798, [heavy_south_east_arrow] 
u2799, [heavy_rightward_arrow] 
u279a, [heavy_north_east_arrow] 
u279b, [drafting_point_rightward_arrow] 
u279c, [heavy_round-tipped_rightward_arrow] 
u279d, [triangle-headed_rightward_arrow] 
u279e, [heavy_triangle-headed_rightward_arrow] 
u279f, [dashed_triangle-headed_rightward_arrow] 
u27a0, [heavy_dashed_triangle-headed_rightward_arrow] 
u27a1, [black_rightward_arrow] 
u27a2, [three-d_top-lighted_rightward_arrowhead] 
u27a3, [three-d_bottom-lighted_rightward_arrowhead] 
u27a4, [black_rightward_arrowhead] 
u27a5, [heavy_black_curved_downward_and_rightward_arrow] 
u27a6, [heavy_black_curved_upward_and_rightward_arrow] 
u27a7, [squat_black_rightward_arrow] 
u27a8, [heavy_concave-pointed_black_rightward_arrow] 
u27a9, [right-shaded_white_rightward_arrow] 
u27aa, [left-shaded_white_rightward_arrow] 
u27ab, [back-tilted_shadowed_white_rightward_arrow] 
u27ac, [front-tilted_shadowed_white_rightward_arrow] 
u27ad, [heavy_lower_right-shadowed_white_rightward_arrow] 
u27ae, [heavy_upper_right-shadowed_white_rightward_arrow] 
u27af, [notched_lower_right-shadowed_white_rightward_arrow] 
u27b0, [curly_loop] 
u27b1, [notched_upper_right-shadowed_white_rightward_arrow] 
u27b2, [circled_heavy_white_rightward_arrow] 
u27b3, [white-feathered_rightward_arrow] 
u27b4, [black-feathered_south_east_arrow] 
u27b5, [black-feathered_rightward_arrow] 
u27b6, [black-feathered_north_east_arrow] 
u27b7, [heavy_black-feathered_south_east_arrow] 
u27b8, [heavy_black-feathered_rightward_arrow] 
u27b9, [heavy_black-feathered_north_east_arrow] 
u27ba, [teardrop-barbed_rightward_arrow] 
u27bb, [heavy_teardrop-shanked_rightward_arrow] 
u27bc, [wedge-tailed_rightward_arrow] 
u27bd, [heavy_wedge-tailed_rightward_arrow] 
u27be, [open-outlined_rightward_arrow] 
u27bf, [double_curly_loop] 
